{
	"info": {
		"_postman_id": "0ca21492-dbeb-4de3-b1b9-65497b3d95c4",
		"name": "guia4",
		"schema": "https://schema.getpostman.com/json/collection/v2.1.0/collection.json",
		"_exporter_id": "32754059"
	},
	"item": [
		{
			"name": "/api/",
			"request": {
				"method": "GET",
				"header": [],
				"url": {
					"raw": "http://localhost:3000/api/mascotas",
					"protocol": "http",
					"host": [
						"localhost"
					],
					"port": "3000",
					"path": [
						"api",
						"mascotas"
					]
				}
			},
			"response": []
		},
		{
			"name": "/api/{coleccion}",
			"request": {
				"method": "GET",
				"header": [],
				"url": {
					"raw": "http://localhost:3000/api/product/1234567",
					"protocol": "http",
					"host": [
						"localhost"
					],
					"port": "3000",
					"path": [
						"api",
						"product",
						"1234567"
					]
				}
			},
			"response": []
		},
		{
			"name": "/api/{coleccion}/{id}",
			"request": {
				"method": "GET",
				"header": [],
				"url": {
					"raw": "http://localhost:3000/api/mascotas/65ca3285a2e12919b20c6ae2",
					"protocol": "http",
					"host": [
						"localhost"
					],
					"port": "3000",
					"path": [
						"api",
						"mascotas",
						"65ca3285a2e12919b20c6ae2"
					]
				}
			},
			"response": []
		},
		{
			"name": "/api/{coleccion}",
			"request": {
				"method": "POST",
				"header": [
					{
						"key": "token",
						"value": "password1234",
						"type": "text"
					}
				],
				"body": {
					"mode": "raw",
					"raw": "{\n    \"tipo\":\"gecko\",\n    \"raza\": \"amarillo\",\n    \"nombre\": \"geek\"\n\n}",
					"options": {
						"raw": {
							"language": "json"
						}
					}
				},
				"url": {
					"raw": "http://localhost:3000/api/mascotas",
					"protocol": "http",
					"host": [
						"localhost"
					],
					"port": "3000",
					"path": [
						"api",
						"mascotas"
					]
				}
			},
			"response": []
		},
		{
			"name": "/api/{coleccion}/{id}",
			"request": {
				"method": "PUT",
				"header": [],
				"body": {
					"mode": "raw",
					"raw": "{\n    \"tipo\": \"gato\",\n    \"raza\": \"egipcio\",\n    \"nombre\": \"gato2\"\n\n}",
					"options": {
						"raw": {
							"language": "json"
						}
					}
				},
				"url": {
					"raw": "http://localhost:3000/api/mascotas/65ca32a5a2e12919b20c6ae3",
					"protocol": "http",
					"host": [
						"localhost"
					],
					"port": "3000",
					"path": [
						"api",
						"mascotas",
						"65ca32a5a2e12919b20c6ae3"
					]
				}
			},
			"response": []
		},
		{
			"name": "/api/{coleccion}/{id}",
			"request": {
				"method": "DELETE",
				"header": [
					{
						"key": "token",
						"value": "password1234",
						"type": "text"
					}
				],
				"url": {
					"raw": "http://localhost:3000/api/mascotas/65d36ca6cee6980d648f24e0",
					"protocol": "http",
					"host": [
						"localhost"
					],
					"port": "3000",
					"path": [
						"api",
						"mascotas",
						"65d36ca6cee6980d648f24e0"
					]
				}
			},
			"response": []
		}
	]
}