{
	"info": {
		"_postman_id": "0ca21492-dbeb-4de3-b1b9-65497b3d95c4",
		"name": "guia5",
		"schema": "https://schema.getpostman.com/json/collection/v2.1.0/collection.json",
		"_exporter_id": "32754059"
	},
	"item": [
		{
			"name": "/api/",
			"request": {
				"method": "GET",
				"header": [],
				"url": {
					"raw": "https://localhost:4000/api/",
					"protocol": "https",
					"host": [
						"localhost"
					],
					"port": "4000",
					"path": [
						"api",
						""
					]
				}
			},
			"response": []
		},
		{
			"name": "/api/{coleccion}",
			"request": {
				"method": "GET",
				"header": [],
				"url": {
					"raw": "https://localhost:4000/api/mascotas",
					"protocol": "https",
					"host": [
						"localhost"
					],
					"port": "4000",
					"path": [
						"api",
						"mascotas"
					]
				}
			},
			"response": []
		},
		{
			"name": "/api/{coleccion}/{id}",
			"request": {
				"method": "GET",
				"header": [],
				"url": {
					"raw": "https://localhost:4000/api/mascotas/65ca3285a2e12919b20c6ae2",
					"protocol": "https",
					"host": [
						"localhost"
					],
					"port": "4000",
					"path": [
						"api",
						"mascotas",
						"65ca3285a2e12919b20c6ae2"
					]
				}
			},
			"response": []
		},
		{
			"name": "/api/{coleccion}",
			"request": {
				"method": "POST",
				"header": [
					{
						"key": "token",
						"value": "password1234",
						"type": "text"
					}
				],
				"body": {
					"mode": "raw",
					"raw": "{\n    \"tipo\":\"gecko\",\n    \"raza\": \"amarillo\",\n    \"nombre\": \"geek\"\n\n}",
					"options": {
						"raw": {
							"language": "json"
						}
					}
				},
				"url": {
					"raw": "https://localhost:4000/api/mascotas",
					"protocol": "https",
					"host": [
						"localhost"
					],
					"port": "4000",
					"path": [
						"api",
						"mascotas"
					]
				}
			},
			"response": []
		},
		{
			"name": "/api/{coleccion}/{id}",
			"request": {
				"method": "PUT",
				"header": [
					{
						"key": "token",
						"value": "password1234",
						"type": "text",
						"disabled": true
					}
				],
				"body": {
					"mode": "raw",
					"raw": "{\n    \"tipo\": \"gecko\",\n    \"raza\": \"amarillo\",\n    \"nombre\": \"gecko\"\n\n}",
					"options": {
						"raw": {
							"language": "json"
						}
					}
				},
				"url": {
					"raw": "https://localhost:4000/api/mascotas/65d31e572d5d3d0c8d2a19f1",
					"protocol": "https",
					"host": [
						"localhost"
					],
					"port": "4000",
					"path": [
						"api",
						"mascotas",
						"65d31e572d5d3d0c8d2a19f1"
					]
				}
			},
			"response": []
		},
		{
			"name": "/api/{coleccion}/{id}",
			"request": {
				"method": "DELETE",
				"header": [
					{
						"key": "token",
						"value": "password1234",
						"type": "text"
					}
				],
				"url": {
					"raw": "https://localhost:4000/api/mascotas/65d36ca6cee6980d648f24e0",
					"protocol": "https",
					"host": [
						"localhost"
					],
					"port": "4000",
					"path": [
						"api",
						"mascotas",
						"65d36ca6cee6980d648f24e0"
					]
				}
			},
			"response": []
		}
	]
}