{
	"info": {
		"_postman_id": "2decfc18-14fe-42cf-bc5e-8d456f8af6bd",
		"name": "SD",
		"schema": "https://schema.getpostman.com/json/collection/v2.1.0/collection.json",
		"_exporter_id": "32754059"
	},
	"item": [
		{
			"name": "/api/",
			"request": {
				"method": "GET",
				"header": [],
				"url": {
					"raw": "http://localhost:3000/api/product/",
					"protocol": "http",
					"host": [
						"localhost"
					],
					"port": "3000",
					"path": [
						"api",
						"product",
						""
					]
				}
			},
			"response": []
		},
		{
			"name": "/api/mascotas",
			"request": {
				"method": "GET",
				"header": [],
				"url": {
					"raw": "http://localhost:3000/api/product/1234567",
					"protocol": "http",
					"host": [
						"localhost"
					],
					"port": "3000",
					"path": [
						"api",
						"product",
						"1234567"
					]
				}
			},
			"response": []
		},
		{
			"name": "/api/familia",
			"request": {
				"method": "GET",
				"header": [],
				"url": {
					"raw": "http://localhost:3000/api/product/1234567",
					"protocol": "http",
					"host": [
						"localhost"
					],
					"port": "3000",
					"path": [
						"api",
						"product",
						"1234567"
					]
				}
			},
			"response": []
		},
		{
			"name": "/api/products",
			"request": {
				"method": "POST",
				"header": [],
				"body": {
					"mode": "raw",
					"raw": "{\n    \"nombre\": \"Bolígrafo azul\",\n    \"descripción\": \"Bolígrafo fino de color azul\",\n    \"precio\":\"1€\",\n    \"color\" : \"azul\",\n    \"marca\": \"Bic\"\n}",
					"options": {
						"raw": {
							"language": "json"
						}
					}
				},
				"url": {
					"raw": "http://localhost:3000/api/product",
					"protocol": "http",
					"host": [
						"localhost"
					],
					"port": "3000",
					"path": [
						"api",
						"product"
					]
				}
			},
			"response": []
		},
		{
			"name": "/api/familia/",
			"request": {
				"method": "PUT",
				"header": [],
				"body": {
					"mode": "raw",
					"raw": "{\n    \"tipo\": \"gato\",\n    \"raza\": \"egipcio\",\n    \"nombre\": \"gato2\"\n\n}",
					"options": {
						"raw": {
							"language": "json"
						}
					}
				},
				"url": {
					"raw": "http://localhost:3000/api/mascotas/65ca32a5a2e12919b20c6ae3",
					"protocol": "http",
					"host": [
						"localhost"
					],
					"port": "3000",
					"path": [
						"api",
						"mascotas",
						"65ca32a5a2e12919b20c6ae3"
					]
				}
			},
			"response": []
		}
	]
}