{
	"info": {
		"_postman_id": "0ca21492-dbeb-4de3-b1b9-65497b3d95c4",
		"name": "guia6",
		"schema": "https://schema.getpostman.com/json/collection/v2.1.0/collection.json",
		"_exporter_id": "32754059"
	},
	"item": [
		{
			"name": "Obtener todos los usuarios",
			"request": {
				"method": "GET",
				"header": [],
				"url": {
					"raw": "https://localhost:4100/api/user",
					"protocol": "https",
					"host": [
						"localhost"
					],
					"port": "4100",
					"path": [
						"api",
						"user"
					]
				}
			},
			"response": []
		},
		{
			"name": "Obtener un usuario",
			"request": {
				"method": "GET",
				"header": [],
				"url": {
					"raw": "https://localhost:4100/api/user/65e5e8c54ba04b1a89c6a31f",
					"protocol": "https",
					"host": [
						"localhost"
					],
					"port": "4100",
					"path": [
						"api",
						"user",
						"65e5e8c54ba04b1a89c6a31f"
					]
				}
			},
			"response": []
		},
		{
			"name": "Registramos un usuario",
			"request": {
				"auth": {
					"type": "bearer",
					"bearer": [
						{
							"key": "token",
							"value": "eyJ0eXAiOiJKV1QiLCJhbGciOiJIUzI1NiJ9.eyJzdWIiOiI2NWVmMWIxN2NmODcwMDEwZjk4ODU1OTAiLCJpYXQiOjE3MTAxNjg4NTUsImV4cCI6MTcxMDc3MzY1NX0.jTLL38jNPcUnZ4InwXS1a7ZPG-lynzPGjGw5zsOccOs",
							"type": "string"
						}
					]
				},
				"method": "POST",
				"header": [
					{
						"key": "token",
						"value": "password1234",
						"type": "text",
						"disabled": true
					}
				],
				"body": {
					"mode": "raw",
					"raw": "{\n    \"correo\" : \"pepe158@alu.ua.es\",\n    \"password\" : \"13456\",\n    \"nombre\" : \"Pepe2\"\n\n}",
					"options": {
						"raw": {
							"language": "json"
						}
					}
				},
				"url": {
					"raw": "https://localhost:4100/api/user",
					"protocol": "https",
					"host": [
						"localhost"
					],
					"port": "4100",
					"path": [
						"api",
						"user"
					]
				}
			},
			"response": []
		},
		{
			"name": "Modificar un usuario",
			"request": {
				"auth": {
					"type": "bearer",
					"bearer": [
						{
							"key": "token",
							"value": "eyJ0eXAiOiJKV1QiLCJhbGciOiJIUzI1NiJ9.eyJzdWIiOiI2NWVmMWIxN2NmODcwMDEwZjk4ODU1OTAiLCJpYXQiOjE3MTAxNjg4NTUsImV4cCI6MTcxMDc3MzY1NX0.jTLL38jNPcUnZ4InwXS1a7ZPG-lynzPGjGw5zsOccOs",
							"type": "string"
						}
					]
				},
				"method": "PUT",
				"header": [
					{
						"key": "token",
						"value": "password1234",
						"type": "text"
					}
				],
				"body": {
					"mode": "raw",
					"raw": "{\n    \"nombre\":\"Mario\",\n    \"apellidos\": \"cano\",\n    \"carrera\": \"Derecho\"\n\n}",
					"options": {
						"raw": {
							"language": "json"
						}
					}
				},
				"url": {
					"raw": "https://localhost:4100/api/user/65e5e9e24ba04b1a89c6a322",
					"protocol": "https",
					"host": [
						"localhost"
					],
					"port": "4100",
					"path": [
						"api",
						"user",
						"65e5e9e24ba04b1a89c6a322"
					]
				}
			},
			"response": []
		},
		{
			"name": "Eliminar un usuario",
			"request": {
				"auth": {
					"type": "bearer",
					"bearer": [
						{
							"key": "token",
							"value": "eyJ0eXAiOiJKV1QiLCJhbGciOiJIUzI1NiJ9.eyJzdWIiOiI2NWVmMWIxN2NmODcwMDEwZjk4ODU1OTAiLCJpYXQiOjE3MTAxNjg4NTUsImV4cCI6MTcxMDc3MzY1NX0.jTLL38jNPcUnZ4InwXS1a7ZPG-lynzPGjGw5zsOccOs",
							"type": "string"
						}
					]
				},
				"method": "DELETE",
				"header": [
					{
						"key": "token",
						"value": "password1234",
						"type": "text"
					}
				],
				"url": {
					"raw": "https://localhost:4100/api/user/65e5e9e24ba04b1a89c6a322",
					"protocol": "https",
					"host": [
						"localhost"
					],
					"port": "4100",
					"path": [
						"api",
						"user",
						"65e5e9e24ba04b1a89c6a322"
					]
				}
			},
			"response": []
		},
		{
			"name": "Registrar un usuario",
			"request": {
				"method": "POST",
				"header": [
					{
						"key": "token",
						"value": "password1234",
						"type": "text",
						"disabled": true
					}
				],
				"body": {
					"mode": "raw",
					"raw": "{\n \"name\": \"Paco Maciá\",\n \"email\": \"pmacia@dtic.ua.es2\",\n \"pass\": \"1234\"\n} ",
					"options": {
						"raw": {
							"language": "json"
						}
					}
				},
				"url": {
					"raw": "https://localhost:4100/api/auth/reg",
					"protocol": "https",
					"host": [
						"localhost"
					],
					"port": "4100",
					"path": [
						"api",
						"auth",
						"reg"
					]
				}
			},
			"response": []
		},
		{
			"name": "Iniciar sesión con un usuario",
			"request": {
				"method": "POST",
				"header": [
					{
						"key": "token",
						"value": "password1234",
						"type": "text",
						"disabled": true
					}
				],
				"body": {
					"mode": "raw",
					"raw": "{\n \"name\": \"Paco Maciá\",\n \"email\": \"pmacia@dtic.ua.es2\",\n \"pass\": \"1234\"\n} ",
					"options": {
						"raw": {
							"language": "json"
						}
					}
				},
				"url": {
					"raw": "https://localhost:4100/api/auth/",
					"protocol": "https",
					"host": [
						"localhost"
					],
					"port": "4100",
					"path": [
						"api",
						"auth",
						""
					]
				}
			},
			"response": []
		},
		{
			"name": "Obtener todos los usuarios registrados",
			"request": {
				"method": "GET",
				"header": [],
				"url": {
					"raw": "https://localhost:4100/api/auth",
					"protocol": "https",
					"host": [
						"localhost"
					],
					"port": "4100",
					"path": [
						"api",
						"auth"
					]
				}
			},
			"response": []
		},
		{
			"name": "Obtener el usuario mediante token JWT",
			"request": {
				"method": "GET",
				"header": [],
				"url": {
					"raw": "https://localhost:4100/api/auth/me",
					"protocol": "https",
					"host": [
						"localhost"
					],
					"port": "4100",
					"path": [
						"api",
						"auth",
						"me"
					]
				}
			},
			"response": []
		}
	]
}